month,rain,SOI,year,moy,time,log_flow,flow
1983-01-01,0.06408906273506847,0.04470198675496682,1983,0.08333333333333333,0,-0.786336211841837,0.455510636249731
1983-02-01,0.07552279223709944,0,1983,0.16666666666666666,0.002036659877800407,-0.996908023190994,0.369018676208591
1983-03-01,0.4666766962539491,0.08774834437086088,1983,0.25,0.004073319755600814,2.35678517499822,10.5569580675807
1983-04-01,0.23740033097638027,0.2698675496688741,1983,0.3333333333333333,0.006109979633401222,1.32002247389823,3.74350550747731
1983-05-01,0.3057018203700918,0.6506622516556291,1983,0.4166666666666667,0.008146639511201629,2.43728116237046,11.4418897742999
1983-06-01,0.11824883406047841,0.49999999999999994,1983,0.5,0.010183299389002037,1.01702802394942,2.76496513073609
1983-07-01,0.061080186550323455,0.4254966887417218,1983,0.5833333333333334,0.012219959266802444,0.41695786806537,1.51733858317835
1983-08-01,0.21874529863096132,0.5529801324503311,1983,0.6666666666666666,0.014256619144602852,2.13682002834134,8.47245258668633
1983-09-01,0.07010681510455845,0.7152317880794702,1983,0.75,0.016293279022403257,0.834287649685123,2.303172797916
1983-10-01,0.2377012185948548,0.6208609271523179,1983,0.8333333333333334,0.018329938900203666,1.93633181350386,6.93327173416222
1983-11-01,0.052655333233037456,0.5397350993377482,1983,0.9166666666666666,0.020366598778004074,0.273440843513395,1.31447959691734
1983-12-01,0.15525801113284188,0.5529801324503311,1983,1,0.02240325865580448,0.935735355729646,2.54908725461899
1984-01-01,0.28764856326162175,0.5728476821192052,1984,0.08333333333333333,0.024439918533604887,1.85700753302364,6.40454268443488
1984-02-01,0.1963291710546111,0.6473509933774834,1984,0.16666666666666666,0.026476578411405296,1.4469886612592,4.25029614318949
1984-03-01,0.4161275763502332,0.45529801324503305,1984,0.25,0.028513238289205704,2.87688585905479,17.7588833127842
1984-04-01,0.15134647209267335,0.5844370860927152,1984,0.3333333333333333,0.03054989816700611,0.958393835247485,2.60750502558221
1984-05-01,0.21423198435384383,0.5463576158940397,1984,0.4166666666666667,0.032586558044806514,1.20350267537104,3.331766605128
1984-06-01,0.1350985406950504,0.4072847682119205,1984,0.5,0.034623217922606926,0.351208016655085,1.42078284166936
1984-07-01,0.22686926432977278,0.587748344370861,1984,0.5833333333333334,0.03665987780040733,1.40712325650214,4.08418932310776
1984-08-01,0.01323905521287799,0.5960264900662252,1984,0.6666666666666666,0.038696537678207736,-0.276057596907151,0.758769226741943
1984-09-01,0.07883255604031893,0.5844370860927152,1984,0.75,0.04073319755600815,0.110071632513473,1.11635803512679
1984-10-01,0.08123965698811493,0.46854304635761584,1984,0.8333333333333334,0.04276985743380855,-0.122250576188154,0.884926599184712
1984-11-01,0.7782458251842937,0.6158940397350993,1984,0.9166666666666666,0.04480651731160896,4.09094657802907,59.7964669453072
1984-12-01,0.14728448924326765,0.5281456953642384,1984,1,0.04684317718940937,0.522595568583688,1.68639913861877
1985-01-01,0.0033097638032194977,0.4933774834437086,1985,0.08333333333333333,0.048879837067209775,-0.792737362882258,0.452604156199823
1985-02-01,0.08259365127125017,0.6622516556291391,1985,0.16666666666666666,0.05091649694501019,0.810328994258245,2.24864765716415
1985-03-01,0.1308861140364074,0.5182119205298013,1985,0.25,0.05295315682281059,1.06606135671364,2.90391944343451
1985-04-01,0.4474198886715811,0.7897350993377483,1985,0.3333333333333333,0.054989816700611,3.68723329088759,39.9342076382868
1985-05-01,0.19377162629757783,0.5976821192052979,1985,0.4166666666666667,0.05702647657841141,1.54325719272639,4.67980851140679
1985-06-01,0.18624943583571538,0.39238410596026485,1985,0.5,0.059063136456211814,1.37285065088742,3.94658501137141
1985-07-01,0.1257710245223409,0.5132450331125827,1985,0.5833333333333334,0.06109979633401222,1.31453276986321,3.72301107583959
1985-08-01,0.04137204754024371,0.6920529801324503,1985,0.6666666666666666,0.06313645621181263,0.954354628419293,2.59699401584025
1985-09-01,0.1146381826387844,0.554635761589404,1985,0.75,0.06517311608961303,1.44354751074342,4.23569537056018
1985-10-01,0.21062133293214982,0.45860927152317876,1985,0.8333333333333334,0.06720977596741344,1.90750627987066,6.73626946513039
1985-11-01,0.09477959981946742,0.5281456953642384,1985,0.9166666666666666,0.06924643584521385,0.664534308415001,1.94358519928073
1985-12-01,0.13690386640589738,0.5860927152317881,1985,1,0.07128309572301425,0.699250492043356,2.01224394927728
1986-01-01,0.304046938468482,0.6837748344370861,1986,0.08333333333333333,0.07331975560081466,2.16492629569257,8.71395963682212
1986-02-01,0.13570031593199938,0.37417218543046354,1986,0.16666666666666666,0.07535641547861507,1.12370207332343,3.07622154666577
1986-03-01,0.02798254851812848,0.564569536423841,1986,0.25,0.07739307535641547,0.534120295161718,1.70594685226123
1986-04-01,0.17707236347224312,0.5711920529801324,1986,0.3333333333333333,0.07942973523421588,1.45117135141915,4.2681110461817
1986-05-01,0.08394764555438544,0.44205298013245026,1986,0.4166666666666667,0.0814663951120163,0.37091324168131,1.44905735015357
1986-06-01,0.02407100947795998,0.728476821192053,1986,0.5,0.0835030549898167,0.576651620409359,1.78006809717011
1986-07-01,0.07326613509854069,0.587748344370861,1986,0.5833333333333334,0.0855397148676171,0.850120571075278,2.33992896266955
1986-08-01,0.7261922671882052,0.4254966887417218,1986,0.6666666666666666,0.08757637474541752,4.34476798756647,77.0741532428438
1986-09-01,0.046938468482021954,0.4652317880794702,1986,0.75,0.08961303462321792,0.023378979857188,1.02365441044723
1986-10-01,0.14924025876335187,0.652317880794702,1986,0.8333333333333334,0.09164969450101833,1.19609439715903,3.30717515380637
1986-11-01,0.25906423950654434,0.3211920529801324,1986,0.9166666666666666,0.09368635437881874,0.695172325992393,2.00405439484884
1986-12-01,0.010230179028132991,0.32615894039735094,1986,1,0.09572301425661914,-1.09522743903142,0.334463528236394
1987-01-01,0.12516924928539191,0.4470198675496688,1987,0.08333333333333333,0.09775967413441955,0.484542387936752,1.62343193679969
1987-02-01,0.027380773281179476,0.3427152317880794,1987,0.16666666666666666,0.09979633401221996,0.356683903145299,1.42858422749529
1987-03-01,0.2244621633819768,0.2764900662251655,1987,0.25,0.10183299389002037,1.91364538025142,6.77775129985996
1987-04-01,0.10651421693997293,0.14735099337748342,1987,0.3333333333333333,0.10386965376782077,-0.183029181683878,0.832743854514604
1987-05-01,0.07206258462464268,0.1937086092715231,1987,0.4166666666666667,0.10590631364562118,-0.85348050462641,0.425929898133345
1987-06-01,0.12426658642996836,0.21854304635761582,1987,0.5,0.1079429735234216,-0.142972639964234,0.866777783642231
1987-07-01,0.1713554987212276,0.24337748344370855,1987,0.5833333333333334,0.109979633401222,0.156091308551263,1.1689329317897
1987-08-01,0.2844892432676395,0.31953642384105957,1987,0.6666666666666666,0.1120162932790224,0.679377887135339,1.9726501393902
1987-09-01,0.01218594854821724,0.3658940397350993,1987,0.75,0.11405295315682282,-1.49752080042128,0.223684030641521
1987-10-01,0.4099593801715059,0.45860927152317876,1987,0.8333333333333334,0.11608961303462322,1.55247388141359,4.7231402303114
1987-11-01,0.2717015194824733,0.5281456953642384,1987,0.9166666666666666,0.11812627291242363,0.555332166199205,1.74251969479886
1987-12-01,0.12381525500225664,0.47682119205298007,1987,1,0.12016293279022404,-0.761724894502366,0.466860447076031
1988-01-01,0.14487738829547162,0.5331125827814569,1988,0.08333333333333333,0.12219959266802444,0.321389039789799,1.37904197874847
1988-02-01,0.15044380923724984,0.46854304635761584,1988,0.16666666666666666,0.12423625254582485,1.08120555777093,2.94823167309516
1988-03-01,0.11885060929742743,0.5910596026490066,1988,0.25,0.12627291242362526,1.15712436160749,3.18077335813592
1988-04-01,0.5230931247179178,0.5298013245033112,1988,0.3333333333333333,0.12830957230142567,3.70459810757919,40.6337136533641
1988-05-01,0.4098089363622686,0.716887417218543,1988,0.4166666666666667,0.13034623217922606,3.08287432067769,21.8210329892026
1988-06-01,0.12953211975327217,0.4867549668874172,1988,0.5,0.13238289205702647,0.891702418391641,2.43927879157853
1988-07-01,0.1644350834963141,0.73841059602649,1988,0.5833333333333334,0.13441955193482688,1.60392565265344,4.97251452423349
1988-08-01,0.10846998646005715,0.7980132450331126,1988,0.6666666666666666,0.1364562118126273,1.48130880413224,4.39869895050888
1988-09-01,0.21844441101248685,0.8841059602649006,1988,0.75,0.1384928716904277,2.52707610374948,12.5168545959074
1988-10-01,9.026628554234992e-4,0.793046357615894,1988,0.8333333333333334,0.14052953156822812,0.834184628311527,2.30293553411256
1988-11-01,0.24988716714307205,0.8990066225165563,1988,0.9166666666666666,0.1425661914460285,2.77805325100849,16.0876717846296
1988-12-01,0.1996389348578306,0.7301324503311257,1988,1,0.1446028513238289,2.08464726241186,8.04175435231138
1989-01-01,0.23890476906875277,0.7698675496688742,1989,0.08333333333333333,0.14663951120162932,2.54124142591229,12.695421617544
1989-02-01,0.2157364224462163,0.7019867549668874,1989,0.16666666666666666,0.14867617107942974,2.6397937302563,14.0103134059079
1989-03-01,0.21543553482774186,0.6622516556291391,1989,0.25,0.15071283095723015,2.87264324106474,17.6836987574073
1989-04-01,0.5722882503384985,0.8990066225165563,1989,0.3333333333333333,0.15274949083503056,5.19532994239657,180.427663713006
1989-05-01,0.23709944335790584,0.794701986754967,1989,0.4166666666666667,0.15478615071283094,2.15171513313851,8.59959520648671
1989-06-01,0.3758086354746501,0.673841059602649,1989,0.5,0.15682281059063136,3.01003795278059,20.2881699030902
1989-07-01,0.04919512562058071,0.7069536423841059,1989,0.5833333333333334,0.15885947046843177,0.498960944654144,1.64700904775123
1989-08-01,0.09959380171505942,0.4470198675496688,1989,0.6666666666666666,0.16089613034623218,0.819167200747439,2.26860975410404
1989-09-01,0.003309763803219497,0.6456953642384106,1989,0.75,0.1629327902240326,0.366940021392252,1.44331134871378
1989-10-01,0.02301790281329923,0.672185430463576,1989,0.8333333333333334,0.164969450101833,0.327347524303195,1.38728350815122
1989-11-01,0.09116894839777341,0.5182119205298013,1989,0.9166666666666666,0.1670061099796334,0.765752150148825,2.1506113491215
1989-12-01,0.21302843387994583,0.46854304635761584,1989,1,0.1690427698574338,1.49366616118587,4.45339248176599
1990-01-01,0.12471791785768013,0.5331125827814569,1990,0.08333333333333333,0.1710794297352342,0.862002799956732,2.36789837457076
1990-02-01,1,0.2649006622516556,1990,0.16666666666666666,0.17311608961303462,5.47151172914829,237.819439729762
1990-03-01,0.20926733864901456,0.4105960264900662,1990,0.25,0.17515274949083504,1.92534418957257,6.85750854268758
1990-04-01,0.5137656085452084,0.543046357615894,1990,0.3333333333333333,0.17718940936863545,4.24607159944802,69.8305504434346
1990-05-01,0.16563863397021214,0.7682119205298014,1990,0.4166666666666667,0.17922606924643583,2.06112785421282,7.85482391255237
1990-06-01,0.06318639987964496,0.5678807947019867,1990,0.5,0.18126272912423624,0.906716513331463,2.4761786709148
1990-07-01,0.11388596359259816,0.6423841059602649,1990,0.5833333333333334,0.18329938900203666,1.29958936442963,3.66779023320822
1990-08-01,0.30239205656687224,0.46854304635761584,1990,0.6666666666666666,0.18533604887983707,2.32522498537967,10.2289811981415
1990-09-01,0.304046938468482,0.4254966887417218,1990,0.75,0.18737270875763748,2.14724900152653,8.5612739201364
1990-10-01,0.08063788175116593,0.5811258278145695,1990,0.8333333333333334,0.1894093686354379,0.778156892784661,2.1774552812291
1990-11-01,0.044832255152700465,0.4635761589403973,1990,0.9166666666666666,0.19144602851323828,0.0713940681896921,1.07400437344755
1990-12-01,0.06318639987964494,0.5115894039735099,1990,1,0.1934826883910387,0.178138073125652,1.19499030589122
1991-01-01,0.14984203400030086,0.6357615894039735,1991,0.08333333333333333,0.1955193482688391,1.35957091231924,3.8945218518725
1991-02-01,0.07717767413870918,0.5612582781456954,1991,0.16666666666666666,0.1975560081466395,1.45385332815558,4.27957338470799
1991-03-01,0.025725891379569727,0.37582781456953634,1991,0.25,0.19959266802443992,0.930580683798008,2.53598135342615
1991-04-01,0.07131036557845644,0.33774834437086093,1991,0.3333333333333333,0.20162932790224034,0.782460778411259,2.18684699565167
1991-05-01,0.2064089062735068,0.2317880794701986,1991,0.4166666666666667,0.20366598778004075,1.09105698087733,2.97741948540947
1991-06-01,0.5221904618624944,0.4602649006622516,1991,0.5,0.20570264765784113,3.10057643322684,22.2107506067519
1991-07-01,0.15841733112682413,0.5231788079470199,1991,0.5833333333333334,0.20773930753564154,1.207609156317,3.34547657180067
1991-08-01,0.006920415224913494,0.4254966887417218,1991,0.6666666666666666,0.20977596741344195,0.124179440181188,1.13221901835803
1991-09-01,0.028132992327365727,0.2764900662251655,1991,0.75,0.21181262729124237,-0.79829038202144,0.450097802014847
1991-10-01,0.017902813299232736,0.33774834437086093,1991,0.8333333333333334,0.21384928716904278,-0.97022309972019,0.37899847421711
1991-11-01,0.1830901158417331,0.4304635761589404,1991,0.9166666666666666,0.2158859470468432,0.252890968004702,1.28774286400613
1991-12-01,0.27847149089814954,0.2748344370860927,1991,1,0.21792260692464357,0.570295383230827,1.76878944501771
1992-01-01,0.11208063788175116,0.13079470198675494,1992,0.08333333333333333,0.219959266802444,-0.531715237806413,0.587596237536384
1992-02-01,0.7374755528809989,0.3973509933774834,1992,0.16666666666666666,0.2219959266802444,4.34144401853894,76.818386460565
1992-03-01,0.13073567022717014,0.1506622516556291,1992,0.25,0.2240325865580448,0.0210687616077219,1.02129227492195
1992-04-01,0.10154957123514367,0.24172185430463572,1992,0.3333333333333333,0.22606924643584522,-0.283231943220526,0.753345034320624
1992-05-01,0.1107266435986159,0.5596026490066225,1992,0.4166666666666667,0.22810590631364563,0.489182120767757,1.63098172821955
1992-06-01,0.14638182638784414,0.33940397350993373,1992,0.5,0.23014256619144602,-0.478723298159146,0.619573898214668
1992-07-01,0.023770121859485478,0.4370860927152318,1992,0.5833333333333334,0.23217922606924643,-0.553503247164208,0.574932148840434
1992-08-01,0.051451782759139454,0.5745033112582781,1992,0.6666666666666666,0.23421588594704684,-0.0398352713237444,0.96094772176128
1992-09-01,0.03806228373702422,0.564569536423841,1992,0.75,0.23625254582484725,-0.45148553336556,0.636681636941353
1992-10-01,0.13193922070106814,0.26655629139072845,1992,0.8333333333333334,0.23828920570264767,-0.657787028255706,0.517996378398539
1992-11-01,0.22130284338799452,0.4304635761589404,1992,0.9166666666666666,0.24032586558044808,0.623515852214438,1.86547526090176
1992-12-01,0.3090115841733113,0.4602649006622516,1992,1,0.24236252545824846,1.30423218068668,3.68485870155127
1993-01-01,0.09854069505039867,0.4155629139072847,1993,0.08333333333333333,0.24439918533604887,0.113498835746405,1.12019058470571
1993-02-01,0.1140364074018354,0.4205298013245033,1993,0.16666666666666666,0.24643584521384929,0.761300963666425,2.14105985047659
1993-03-01,0.13855874830750717,0.4105960264900662,1993,0.25,0.2484725050916497,1.23964078623027,3.45437238374332
1993-04-01,0.09447871220099295,0.20198675496688734,1993,0.3333333333333333,0.2505091649694501,-0.091445181574725,0.912611342697505
1993-05-01,0.028283436136602974,0.4155629139072847,1993,0.4166666666666667,0.2525458248472505,-0.502766814660292,0.60485482122775
1993-06-01,0.09146983601624792,0.2864238410596026,1993,0.5,0.2545824847250509,-0.47807358229105,0.619976576006707
1993-07-01,0.15014292161877538,0.3725165562913907,1993,0.5833333333333334,0.25661914460285135,0.354794051730856,1.42588696508767
1993-08-01,0.10019557695200841,0.31953642384105957,1993,0.6666666666666666,0.25865580448065173,0.0196966077420896,1.0198918657871
1993-09-01,0.2547013690386641,0.4254966887417218,1993,0.75,0.2606924643584521,1.21473487805739,3.36940064385002
1993-10-01,0.07597412366481118,0.3278145695364238,1993,0.8333333333333334,0.26272912423625255,-0.820480475916969,0.440220088533186
1993-11-01,0.1417180683014894,0.5612582781456954,1993,0.9166666666666666,0.26476578411405294,0.0245406273084936,1.02484422692398
1993-12-01,0.04844290657439446,0.5778145695364238,1993,1,0.2668024439918534,-0.776007071496624,0.460240052895605
1994-01-01,0.06318639987964496,0.5248344370860927,1994,0.08333333333333333,0.26883910386965376,-0.279194956284374,0.756392425382868
1994-02-01,0.1317887768918309,0.5612582781456954,1994,0.16666666666666666,0.2708757637474542,1.19248785990652,3.29526918597701
1994-03-01,0.25725891379569726,0.37582781456953634,1994,0.25,0.2729124236252546,2.01079100616843,7.46922321285796
1994-04-01,0.1835414472694448,0.17384105960264895,1994,0.3333333333333333,0.27494908350305497,0.34031390256365,1.40538867643944
1994-05-01,0.060327967504137214,0.336092715231788,1994,0.4166666666666667,0.2769857433808554,-0.646235285036754,0.524014834453133
1994-06-01,0.10546111027531217,0.3791390728476821,1994,0.5,0.2790224032586558,0.166913432285648,1.18165196797058
1994-07-01,0.12020460358056263,0.25331125827814566,1994,0.5833333333333334,0.28105906313645623,0.196581093365501,1.21723402647976
1994-08-01,0.05385888370693545,0.26655629139072845,1994,0.6666666666666666,0.2830957230142566,-1.11070534403917,0.329326590586642
1994-09-01,0.04212426658642997,0.26655629139072845,1994,0.75,0.285132382892057,-0.86198225036371,0.422324099945988
1994-10-01,0.07401835414472696,0.3178807947019867,1994,0.8333333333333334,0.28716904276985744,-0.954514012777818,0.384999203788689
1994-11-01,0.08048743794192868,0.4304635761589404,1994,0.9166666666666666,0.2892057026476578,-0.269961628114463,0.763408787209439
1994-12-01,0.10395667218293968,0.3592715231788079,1994,1,0.29124236252545826,-0.111204256119779,0.894755970880138
1995-01-01,0.1531517978035204,0.48509933774834435,1995,0.08333333333333333,0.29327902240325865,0.491620454417652,1.63496345827025
1995-02-01,0.09207161125319692,0.5066225165562913,1995,0.16666666666666666,0.2953156822810591,1.31712584110187,3.73267763640514
1995-03-01,0.266135098540695,0.609271523178808,1995,0.25,0.2973523421588595,3.0108365709056,20.304378874826
1995-04-01,0.0627350684519332,0.2831125827814569,1995,0.3333333333333333,0.29938900203665986,0.440937478567571,1.55416353077451
1995-05-01,0.27215285091018504,0.40231788079470193,1995,0.4166666666666667,0.3014256619144603,1.58020481309884,4.85595027161763
1995-06-01,0.17240860538588837,0.5264900662251655,1995,0.5,0.3034623217922607,1.47548093234382,4.37313845099139
1995-07-01,0.0022566571385587483,0.6208609271523179,1995,0.5833333333333334,0.3054989816700611,0.191244649855999,1.21075562704005
1995-08-01,0,0.564569536423841,1995,0.6666666666666666,0.3075356415478615,0.119338211030974,1.12675093344781
1995-09-01,0.33594102602677894,0.6043046357615894,1995,0.75,0.3095723014256619,2.27510833064543,9.72897290138836
1995-10-01,0.053407552279223704,0.5298013245033112,1995,0.8333333333333334,0.31160896130346233,0.279469088203046,1.32242753355171
1995-11-01,0.25710846998646003,0.5728476821192052,1995,0.9166666666666666,0.3136456211812627,2.43294508036229,11.3923842095697
1995-12-01,0.12216037310064688,0.4602649006622516,1995,1,0.31568228105906315,1.17275549302904,3.23088305990544
1996-01-01,0.19933804723935608,0.6903973509933774,1996,0.08333333333333333,0.31771894093686354,2.28147404091909,9.79110226309528
1996-02-01,0.05957574845795095,0.5695364238410596,1996,0.16666666666666666,0.319755600814664,1.82150833409519,6.1811746986558
1996-03-01,0.08891229125921468,0.6539735099337749,1996,0.25,0.32179226069246436,1.79537545427226,6.0217351836318
1996-04-01,0.06408906273506845,0.6804635761589403,1996,0.3333333333333333,0.32382892057026474,1.14576968807081,3.14486098752572
1996-05-01,0.25530314427561307,0.5728476821192052,1996,0.4166666666666667,0.3258655804480652,2.47482699050195,11.8796516427289
1996-06-01,0.2650819918760343,0.7814569536423841,1996,0.5,0.32790224032586557,2.36796867220502,10.6756844291795
1996-07-01,0.07853166842184443,0.6639072847682118,1996,0.5833333333333334,0.329938900203666,1.16520743057936,3.20658795861995
1996-08-01,0.19647961486384832,0.6274834437086093,1996,0.6666666666666666,0.3319755600814664,2.26830662694972,9.66302384766164
1996-09-01,0.21498420340003008,0.6655629139072847,1996,0.75,0.3340122199592668,2.42988062593473,11.3575262050004
1996-10-01,0.02602677899804423,0.6208609271523179,1996,0.8333333333333334,0.3360488798370672,0.717325520372733,2.04894601184789
1996-11-01,0.17270949300436286,0.5496688741721854,1996,0.9166666666666666,0.3380855397148676,1.43613531837254,4.2044156505107
1996-12-01,0.05686775989168046,0.6705298013245033,1996,1,0.34012219959266804,1.06851609258553,2.91105655493933
1997-01-01,0.2677899804423048,0.619205298013245,1997,0.08333333333333333,0.3421588594704684,2.78147412488105,16.1427999201463
1997-02-01,0.18745298630961338,0.771523178807947,1997,0.16666666666666666,0.34419551934826886,2.99256747785591,19.9368041397787
1997-03-01,0.04122160373100646,0.4105960264900662,1997,0.25,0.34623217922606925,1.49079092220795,4.44060630458456
1997-04-01,0.009929291409658491,0.2831125827814569,1997,0.3333333333333333,0.34826883910386963,0.594307055199666,1.81177504977727
1997-05-01,0.3014893937114488,0.18046357615894038,1997,0.4166666666666667,0.35030549898167007,2.23380204015485,9.33529184617143
1997-06-01,0.16548819016097485,0.15231788079470193,1997,0.5,0.35234215885947046,1.08841525483823,2.96956433896623
1997-07-01,0.28674590040619824,0.3940397350993377,1997,0.5833333333333334,0.3543788187372709,2.63299857552889,13.9154338841321
1997-08-01,0.05777042274710395,0.22350993377483439,1997,0.6666666666666666,0.3564154786150713,0.551219369913707,1.735367783529
1997-09-01,0.2064089062735068,0.3062913907284768,1997,0.75,0.35845213849287166,1.27058934886934,3.56295176530772
1997-10-01,0.08244320746201293,0.2566225165562913,1997,0.8333333333333334,0.3604887983706721,-0.250912498139611,0.778090452942473
1997-11-01,0.03881450278321046,0.2996688741721854,1997,0.9166666666666666,0.3625254582484725,-0.652895593003785,0.520536331086995
1997-12-01,0.045133142771174965,0.4006622516556291,1997,1,0.3645621181262729,-0.477099833983874,0.620580571169991
1998-01-01,0.1366029787874229,0.16225165562913904,1998,0.08333333333333333,0.3665987780040733,-0.245775247987976,0.782097983269057
1998-02-01,0.05100045133142771,0.2334437086092715,1998,0.16666666666666666,0.36863543788187375,-0.177971304419547,0.836966440382004
1998-03-01,0.029336542801263726,0.07947019867549664,1998,0.25,0.37067209775967414,-1.1187326025298,0.326693582971085
1998-04-01,0.5176771475853768,0.14735099337748342,1998,0.3333333333333333,0.3727087576374745,2.37179220885119,10.7165814355945
1998-05-01,0.5014292161877538,0.5596026490066225,1998,0.4166666666666667,0.37474541751527496,2.77260964362695,16.0003347456963
1998-06-01,0.22355950052655335,0.7152317880794702,1998,0.5,0.37678207739307534,1.36492441187364,3.91542708100995
1998-07-01,0.13509854069505037,0.793046357615894,1998,0.5833333333333334,0.3788187372708758,0.857403654912278,2.35703307120068
1998-08-01,0.8008123965698812,0.7135761589403973,1998,0.6666666666666666,0.38085539714867617,5.00309845024072,148.873723039879
1998-09-01,0.06559350082744095,0.7350993377483444,1998,0.75,0.38289205702647655,0.0591732456890252,1.06095903139765
1998-10-01,0.0570182037009177,0.7317880794701986,1998,0.8333333333333334,0.384928716904277,-0.390615166342735,0.676640499979782
1998-11-01,0.1104257559801414,0.7582781456953642,1998,0.9166666666666666,0.3869653767820774,0.0973186506884223,1.10221153813405
1998-12-01,0.08921317887768918,0.771523178807947,1998,1,0.3890020366598778,0.329003807755749,1.38958314677075
1999-01-01,0.36452534978185636,0.8096026490066225,1999,0.08333333333333333,0.3910386965376782,2.76549307187444,15.8868714291987
1999-02-01,0.1298330073717467,0.6937086092715232,1999,0.16666666666666666,0.39307535641547864,1.33345291012858,3.79412155645542
1999-03-01,0.046788024672784714,0.6986754966887416,1999,0.25,0.395112016293279,0.960609711253482,2.61328933969855
1999-04-01,0.4048442906574394,0.857615894039735,1999,0.3333333333333333,0.3971486761710794,3.70653579654379,40.7125254836486
1999-05-01,0.11193019407251392,0.5728476821192052,1999,0.4166666666666667,0.39918533604887985,1.23645122316933,3.44337199772768
1999-06-01,0.13720475402437193,0.5678807947019867,1999,0.5,0.40122199592668023,1.71108405314521,5.53495841561604
1999-07-01,0.30464871370543106,0.6307947019867549,1999,0.5833333333333334,0.40325865580448067,3.04982811098814,21.1117152387701
1999-08-01,0.2043026929441853,0.5860927152317881,1999,0.6666666666666666,0.40529531568228105,2.50101191215735,12.1948278137846
1999-09-01,0.049496013239055205,0.5447019867549668,1999,0.75,0.4073319755600815,0.682141041326755,1.97810841344463
1999-10-01,0.262524447119001,0.7019867549668874,1999,0.8333333333333334,0.4093686354378819,2.05369178037838,7.79663149169764
1999-11-01,0.12968256356250937,0.7682119205298014,1999,0.9166666666666666,0.41140529531568226,0.659916143028373,1.93463009537867
1999-12-01,0.13961185497216788,0.7632450331125827,1999,1,0.4134419551934827,0.267745407848073,1.30701434205892
2000-01-01,0.08620430269294418,0.6357615894039735,2000,0.08333333333333333,0.4154786150712831,0.0962028468810658,1.10098237218483
2000-02-01,0.03655784564465172,0.7649006622516555,2000,0.16666666666666666,0.4175152749490835,0.596982592269534,1.81662901166711
2000-03-01,0.3550473897999097,0.7069536423841059,2000,0.25,0.4195519348268839,3.43262606664297,30.9578334306594
2000-04-01,0.09267338649014592,0.8294701986754967,2000,0.3333333333333333,0.4215885947046843,1.1387071691763,3.12272859459772
2000-05-01,0.018504588536181737,0.6109271523178808,2000,0.4166666666666667,0.42362525458248473,0.0980535497386659,1.10302185005885
2000-06-01,0.03580562659846547,0.4602649006622516,2000,0.5,0.4256619144602851,-0.274473445713646,0.759972184499994
2000-07-01,0.035354295170753725,0.49006622516556286,2000,0.5833333333333334,0.42769857433808556,0.0331333933614208,1.03368841721773
2000-08-01,0.03550473897999097,0.6390728476821191,2000,0.6666666666666666,0.42973523421588594,0.627471687309997,1.8728693887416
2000-09-01,0.04844290657439446,0.7152317880794702,2000,0.75,0.4317718940936864,0.878882135894431,2.40820615396657
2000-10-01,0.12697457499623888,0.7119205298013245,2000,0.8333333333333334,0.43380855397148677,1.21466249757269,3.36915677382411
2000-11-01,0.21829396720324956,0.9221854304635762,2000,0.9166666666666666,0.43584521384928715,1.54083187551789,4.66847224387079
2000-12-01,0.06980592748608394,0.6788079470198676,2000,1,0.4378818737270876,0.255755357493592,1.2914367489672
2001-01-01,0.27410862043026923,0.6903973509933774,2001,0.08333333333333333,0.439918533604888,1.94476302701355,6.99197474955851
2001-02-01,0.15330224161275766,0.7483443708609271,2001,0.16666666666666666,0.4419551934826884,1.64450813378841,5.17846216985764
2001-03-01,0.15841733112682413,0.6622516556291391,2001,0.25,0.4439918533604888,1.89330192104544,6.64126143798515
2001-04-01,0.16262975778546712,0.5562913907284768,2001,0.3333333333333333,0.4460285132382892,2.18464481115859,8.88749125496412
2001-05-01,0.556942981796299,0.40231788079470193,2001,0.4166666666666667,0.4480651731160896,3.66326603860902,38.9884730105121
2001-06-01,0.05115089514066497,0.5811258278145695,2001,0.5,0.45010183299389,0.527116619833184,1.69404069647286
2001-07-01,0.19136452534978185,0.49006622516556286,2001,0.5833333333333334,0.45213849287169044,1.32806819162027,3.77374618693459
2001-08-01,0.10365578456446517,0.4155629139072847,2001,0.6666666666666666,0.45417515274949083,0.74234123170055,2.10084833394344
2001-09-01,0.044531367534225964,0.5745033112582781,2001,0.75,0.45621181262729127,-0.0260728230368932,0.974264138152054
2001-10-01,0.05370843989769821,0.5198675496688742,2001,0.8333333333333334,0.45824847250509165,-0.534214201228301,0.586129689220435
2001-11-01,0.10185045885361815,0.6705298013245033,2001,0.9166666666666666,0.46028513238289204,-0.325502377066567,0.722164463631077
2001-12-01,0.06694749511057618,0.4006622516556291,2001,1,0.4623217922606925,-0.812391271578799,0.443795560648574
2002-01-01,0.1605235444561456,0.5960264900662252,2002,0.08333333333333333,0.46435845213849286,0.512327513667489,1.66917169717163
2002-02-01,0.5780051150895141,0.6788079470198676,2002,0.16666666666666666,0.4663951120162933,3.77968948066288,43.8024381195412
2002-03-01,0.07883255604031893,0.4652317880794702,2002,0.25,0.4684317718940937,0.81195609889687,2.25230942042588
2002-04-01,0.05205355799608845,0.48841059602649,2002,0.3333333333333333,0.47046843177189407,0.811231780179413,2.25067862123565
2002-05-01,0.1527004663758086,0.31125827814569534,2002,0.4166666666666667,0.4725050916496945,0.490558923546388,1.63322881493752
2002-06-01,0.04633669324507296,0.4470198675496688,2002,0.5,0.4745417515274949,0.170409308403834,1.18579010585972
2002-07-01,0.032796750413720474,0.4254966887417218,2002,0.5833333333333334,0.47657841140529533,0.199238764525714,1.22047333685139
2002-08-01,0.03851361516473596,0.30960264900662243,2002,0.6666666666666666,0.4786150712830957,-0.275085863331302,0.759506906632001
2002-09-01,0.03610651421693997,0.4155629139072847,2002,0.75,0.48065173116089616,-0.142523446648035,0.867167221889253
2002-10-01,0.012938167594403487,0.4288079470198675,2002,0.8333333333333334,0.48268839103869654,-0.939995467621074,0.390629605835902
2002-11-01,0.02617722280728148,0.4519867549668874,2002,0.9166666666666666,0.4847250509164969,-0.955254161546304,0.384714352531294
2002-12-01,0.10982398074319241,0.37582781456953634,2002,1,0.48676171079429736,-0.702431470753659,0.495379337878112
2003-01-01,0.022867459004061976,0.5182119205298013,2003,0.08333333333333333,0.48879837067209775,-0.824585690237782,0.438416595117751
2003-02-01,0.09869113885963593,0.4288079470198675,2003,0.16666666666666666,0.4908350305498982,0.265925070582418,1.30463729931145
2003-03-01,0.2280728148036708,0.4387417218543046,2003,0.25,0.49287169042769857,1.45277098125634,4.27494390752705
2003-04-01,0.3363923574544907,0.4602649006622516,2003,0.3333333333333333,0.49490835030549896,1.85291412613705,6.37837986936061
2003-05-01,0.5674740484429066,0.4288079470198675,2003,0.4166666666666667,0.4969450101832994,3.08124869746807,21.7855890285855
2003-06-01,0.07913344365879342,0.3526490066225165,2003,0.5,0.4989816700610998,-0.668098543140275,0.512682495209501
2003-07-01,0.09748758838573794,0.5993377483443708,2003,0.5833333333333334,0.5010183299389002,0.234006765965118,1.26365304201126
2003-08-01,0.08184143222506393,0.521523178807947,2003,0.6666666666666666,0.5030549898167006,0.488968180190341,1.63063283236968
2003-09-01,0.007823078080336995,0.5149006622516556,2003,0.75,0.505091649694501,0.13031275123865,1.13918460901423
2003-10-01,0.16007221302843389,0.5198675496688742,2003,0.8333333333333334,0.5071283095723014,1.51929885894511,4.56902054393319
2003-11-01,0.16067398826538287,0.49503311258278143,2003,0.9166666666666666,0.5091649694501018,1.26813651893354,3.55422315982659
2003-12-01,0.08846095983150293,0.705298013245033,2003,1,0.5112016293279023,1.02540206064596,2.78821626726812
2004-01-01,0.06995637129532119,0.3592715231788079,2004,0.08333333333333333,0.5132382892057027,1.10066327567013,3.0061592751436
2004-02-01,0.19226718820520536,0.7019867549668874,2004,0.16666666666666666,0.515274949083503,2.86532688112756,17.5547905965572
2004-03-01,0.1507446968557244,0.554635761589404,2004,0.25,0.5173116089613035,2.50411880970092,12.2327748125576
2004-04-01,0.04182337896795547,0.2963576158940397,2004,0.3333333333333333,0.5193482688391039,0.669731091383014,1.9537118800317
2004-05-01,0.01399127425906424,0.7682119205298014,2004,0.4166666666666667,0.5213849287169042,1.08573012023037,2.96160135461622
2004-06-01,0.06830148939371145,0.2996688741721854,2004,0.5,0.5234215885947047,0.480769812388037,1.61731895526242
2004-07-01,0.06348728749811945,0.4370860927152318,2004,0.5833333333333334,0.5254582484725051,1.27968812913989,3.59551821333716
2004-08-01,0.22686926432977278,0.4254966887417218,2004,0.6666666666666666,0.5274949083503055,2.03889915028484,7.68214765223311
2004-09-01,0.07792989318489543,0.5049668874172185,2004,0.75,0.5295315682281059,0.419263488319617,1.52084102584811
2004-10-01,0.3700917707236347,0.49006622516556286,2004,0.8333333333333334,0.5315682281059063,2.44779650541697,11.5628399723111
2004-11-01,0.11373551978336092,0.4089403973509933,2004,0.9166666666666666,0.5336048879837068,-0.193545101926755,0.82403266989586
2004-12-01,0.1323905521287799,0.41887417218543044,2004,1,0.5356415478615071,-0.207448020029235,0.812655482483475
2005-01-01,0.1089213178877689,0.5811258278145695,2005,0.08333333333333333,0.5376782077393075,0.283376284040138,1.32760462427312
2005-02-01,0.22024973672333384,0.07781456953642377,2005,0.16666666666666666,0.539714867617108,0.434980749806343,1.54493331839952
2005-03-01,0.21633819768316534,0.554635761589404,2005,0.25,0.5417515274949084,1.94881364958337,7.02035403837777
2005-04-01,0.04182337896795547,0.3658940397350993,2005,0.3333333333333333,0.5437881873727087,0.372346280130203,1.45113539365349
2005-05-01,0.06980592748608393,0.31125827814569534,2005,0.4166666666666667,0.5458248472505092,0.134165314986886,1.14358185523841
2005-06-01,0.12035504738979991,0.5943708609271523,2005,0.5,0.5478615071283096,0.855860450359767,2.35339849220552
2005-07-01,0.12336392357454493,0.5662251655629138,2005,0.5833333333333334,0.5498981670061099,0.945876514104003,2.57506947440709
2005-08-01,0.0018053257108469984,0.4370860927152318,2005,0.6666666666666666,0.5519348268839104,-0.185468721556297,0.830714818641254
2005-09-01,0.09297427410862043,0.6158940397350993,2005,0.75,0.5539714867617108,0.858705242340082,2.36010295323961
2005-10-01,0.06860237701218595,0.7317880794701986,2005,0.8333333333333334,0.5560081466395111,0.35349256094396,1.42403239345519
2005-11-01,0.19978937866706786,0.5182119205298013,2005,0.9166666666666666,0.5580448065173116,0.947222526225303,2.57853788286909
2005-12-01,0.04212426658642997,0.5529801324503311,2005,1,0.560081466395112,-0.0208333986970774,0.979382117315156
2006-01-01,0.18293967203249586,0.7615894039735099,2006,0.08333333333333333,0.5621181262729125,1.0913011500221,2.97814656814083
2006-02-01,0.07627501128328569,0.5529801324503311,2006,0.16666666666666666,0.5641547861507128,0.704920073715851,2.02368493284134
2006-03-01,0.06423950654430569,0.7798013245033112,2006,0.25,0.5661914460285132,0.793872524556659,2.21194567593029
2006-04-01,0,0.7897350993377483,2006,0.3333333333333333,0.5682281059063137,0.160214806886896,1.17376297628475
2006-05-01,0.0708590341507447,0.38907284768211914,2006,0.4166666666666667,0.570264765784114,-0.0416441015881491,0.959211101538754
2006-06-01,0.30389649465924473,0.4470198675496688,2006,0.5,0.5723014256619144,1.38484743815459,3.99421649329217
2006-07-01,0.23634722431171956,0.4254966887417218,2006,0.5833333333333334,0.5743380855397149,1.26252086643821,3.53431981510907
2006-08-01,0.15375357304046938,0.28807947019867547,2006,0.6666666666666666,0.5763747454175153,0.831138377263067,2.29593088869817
2006-09-01,0.27155107567323605,0.45529801324503305,2006,0.75,0.5784114052953157,1.93215350737407,6.90436283953983
2006-10-01,0.033097638032194975,0.2864238410596026,2006,0.8333333333333334,0.5804480651731161,-0.276270609146965,0.75860761682251
2006-11-01,0.0738679103354897,0.5281456953642384,2006,0.9166666666666666,0.5824847250509165,0.44973844893264,1.56790204540273
2006-12-01,0.1558597863697909,0.4933774834437086,2006,1,0.5845213849287169,0.747186825492266,2.11105289520035
2007-01-01,0.07371746652625245,0.4221854304635761,2007,0.08333333333333333,0.5865580448065173,0.400109607389685,1.4919882216138
2007-02-01,0.16338197683165337,0.5066225165562913,2007,0.16666666666666666,0.5885947046843177,2.16997960847548,8.75810544779793
2007-03-01,0.12742590642395066,0.5281456953642384,2007,0.25,0.5906313645621182,2.07355374662513,7.95303603234216
2007-04-01,0.29562208515119603,0.5016556291390728,2007,0.3333333333333333,0.5926680244399185,2.59940951796595,13.4557902863132
2007-05-01,0.018955919963893484,0.5066225165562913,2007,0.4166666666666667,0.594704684317719,0.426601026771843,1.53204129631125
2007-06-01,0.7131036557845645,0.6341059602649006,2007,0.5,0.5967413441955194,4.5672753986067,96.2814235769335
2007-07-01,0.09508048743794194,0.46854304635761584,2007,0.5833333333333334,0.5987780040733197,0.610359727557462,1.84109357176719
2007-08-01,0.2437189709643448,0.5960264900662252,2007,0.6666666666666666,0.6008146639511202,2.27304272756096,9.70889744605379
2007-09-01,0.06679705130133895,0.5745033112582781,2007,0.75,0.6028513238289206,0.841471597010057,2.31977824488867
2007-10-01,0.038664058973973216,0.640728476821192,2007,0.8333333333333334,0.604887983706721,0.343615987948874,1.41003706030494
2007-11-01,0.270347525199338,0.7036423841059603,2007,0.9166666666666666,0.6069246435845214,2.20308705891414,9.05291729597957
2007-12-01,0.17586881299834511,0.7897350993377483,2007,1,0.6089613034623218,1.41218450161539,4.10491280543469
2008-01-01,0.1251692492853919,0.7847682119205298,2008,0.08333333333333333,0.6109979633401222,1.48346183843366,4.40817970276097
2008-02-01,0.39581766210320446,0.9039735099337748,2008,0.16666666666666666,0.6130346232179226,3.69245659269503,40.1433417670772
2008-03-01,0.09808936362268693,0.7533112582781457,2008,0.25,0.615071283095723,1.67656253510627,5.34714372469145
2008-04-01,0.21754174815706326,0.6258278145695364,2008,0.3333333333333333,0.6171079429735234,2.2657719967309,9.63856266852972
2008-05-01,0.005566420941778245,0.4933774834437086,2008,0.4166666666666667,0.6191446028513238,-0.0372995929857756,0.963387467981862
2008-06-01,0.21633819768316528,0.6208609271523179,2008,0.5,0.6211812627291242,1.95411922327805,7.05770002743501
2008-07-01,0.15044380923724987,0.587748344370861,2008,0.5833333333333334,0.6232179226069247,1.59874239299068,4.94680737125651
2008-08-01,0.06830148939371145,0.7019867549668874,2008,0.6666666666666666,0.6252545824847251,0.48831111478195,1.62956175186526
2008-09-01,0.1432225063938619,0.7748344370860927,2008,0.75,0.6272912423625254,0.808426310736618,2.24437326002294
2008-10-01,0.11313374454641191,0.7731788079470198,2008,0.8333333333333334,0.6293279022403259,0.168128871055728,1.18308906676106
2008-11-01,0.10425755980141416,0.8344370860927153,2008,0.9166666666666666,0.6313645621181263,0.216273440443883,1.24144179298873
2008-12-01,0.10290356551827892,0.771523178807947,2008,1,0.6334012219959266,-0.0283663655934439,0.972032182411023
2009-01-01,0.04242515420490446,0.7069536423841059,2009,0.08333333333333333,0.6354378818737271,-0.19845384185985,0.819997619431926
2009-02-01,0.17270949300436286,0.7963576158940396,2009,0.16666666666666666,0.6374745417515275,1.58527615377389,4.88063899930756
2009-03-01,0.09297427410862043,0.554635761589404,2009,0.25,0.639511201629328,1.16443929583129,3.20412581273718
2009-04-01,0.22115239957875726,0.6937086092715232,2009,0.3333333333333333,0.6415478615071283,1.78775877204275,5.9760437696526
2009-05-01,0.2235595005265533,0.4288079470198675,2009,0.4166666666666667,0.6435845213849287,0.774600786802252,2.16972577110124
2009-06-01,0.18218745298630962,0.5132450331125827,2009,0.5,0.6456211812627292,0.813710562614657,2.25626448407857
2009-07-01,0.09086806077929893,0.5778145695364238,2009,0.5833333333333334,0.6476578411405295,0.672331238973786,1.95879842929329
2009-08-01,0.02647811042575598,0.46854304635761584,2009,0.6666666666666666,0.6496945010183299,0.0848140267515117,1.08851461327486
2009-09-01,0.02647811042575598,0.6158940397350993,2009,0.75,0.6517311608961304,-0.194390944450366,0.823335962716634
2009-10-01,0.3646757935910937,0.30794701986754963,2009,0.8333333333333334,0.6537678207739308,1.74585137929984,5.73077846519986
2009-11-01,0.02918609899202648,0.4519867549668874,2009,0.9166666666666666,0.6558044806517311,-0.45533932006145,0.634232723545195
2009-12-01,0.0998946893335339,0.4354304635761589,2009,1,0.6578411405295316,-0.261658814992704,0.769773614125223
2010-01-01,0.06529261320896644,0.3841059602649006,2010,0.08333333333333333,0.659877800407332,-0.370419216468201,0.69044482411799
2010-02-01,0.3938618925831202,0.31125827814569534,2010,0.16666666666666666,0.6619144602851323,2.79838782775731,16.4181565271873
2010-03-01,0.10576199789378665,0.37582781456953634,2010,0.25,0.6639511201629328,1.24041603647665,3.45705142511446
2010-04-01,0.04453136753422596,0.8029801324503312,2010,0.3333333333333333,0.6659877800407332,0.39589289674331,1.48571018463044
2010-05-01,0.2951707537234843,0.716887417218543,2010,0.4166666666666667,0.6680244399185336,2.00518870796673,7.42749539207033
2010-06-01,0.2659846547314578,0.5811258278145695,2010,0.5,0.670061099796334,1.95590084193012,7.07028536525192
2010-07-01,0.18639987964495258,0.890728476821192,2010,0.5833333333333334,0.6720977596741344,2.02812780083942,7.59984460854683
2010-08-01,0.06348728749811945,0.8625827814569536,2010,0.6666666666666666,0.6741344195519349,0.939505403306611,2.55871557305188
2010-09-01,0.0708590341507447,0.9635761589403973,2010,0.75,0.6761710794297352,0.883309255511444,2.41889120522092
2010-10-01,0.14999247780953814,0.8543046357615893,2010,0.8333333333333334,0.6782077393075356,1.08874528292987,2.97054454035613
2010-11-01,0.23047991575146679,0.8228476821192052,2010,0.9166666666666666,0.6802443991853361,1.56521159522649,4.78368703415537
2010-12-01,0.14713404543403039,1,2010,1,0.6822810590631364,1.30409148529902,3.68434029539732
2011-01-01,0.1050097788476004,0.8807947019867549,2011,0.08333333333333333,0.6843177189409368,1.2910992645285,3.63678214485551
2011-02-01,0.08424853317285994,0.9205298013245032,2011,0.16666666666666666,0.6863543788187373,1.84867220629089,6.35138059806395
2011-03-01,0.38694147735820666,0.9056291390728476,2011,0.25,0.6883910386965377,3.6281708872646,37.6438986725792
2011-04-01,0.31262223559500524,0.9668874172185431,2011,0.3333333333333333,0.6904276985743381,3.2628578290509,26.1240887436528
2011-05-01,0.21618775387392805,0.5860927152317881,2011,0.4166666666666667,0.6924643584521385,1.80301978684785,6.06794372175498
2011-06-01,0.14487738829547162,0.554635761589404,2011,0.5,0.6945010183299389,1.41805705763082,4.12909005747335
2011-07-01,0.4177824582518429,0.728476821192053,2011,0.5833333333333334,0.6965376782077393,3.77653209061305,43.6643548433594
2011-08-01,0.08169098841582668,0.5860927152317881,2011,0.6666666666666666,0.6985743380855397,1.23311796271004,3.43191344977277
2011-09-01,0.12200992929140964,0.7450331125827815,2011,0.75,0.7006109979633401,1.40043217932718,4.05695291920553
2011-10-01,0.07612456747404844,0.672185430463576,2011,0.8333333333333334,0.7026476578411406,0.129120574817809,1.13782730921554
2011-11-01,0.25334737475552876,0.7798013245033112,2011,0.9166666666666666,0.7046843177189409,1.41339762387032,4.10989558826481
2011-12-01,0.12622235595005266,0.9321192052980132,2011,1,0.7067209775967414,0.472809933040217,1.60449639224159
2012-01-01,0.29366631563111173,0.7069536423841059,2012,0.08333333333333333,0.7087576374745418,1.51167133151612,4.53430278804906
2012-02-01,0.2295772528960433,0.5927152317880794,2012,0.16666666666666666,0.7107942973523421,1.71030539842066,5.53065027159152
2012-03-01,0.4084549420791335,0.5993377483443708,2012,0.25,0.7128309572301426,3.30292638236862,27.1920970749283
2012-04-01,0.2846396870768768,0.43377483443708603,2012,0.3333333333333333,0.714867617107943,2.03657351413042,7.66430253058266
2012-05-01,0.08018655032345419,0.5066225165562913,2012,0.4166666666666667,0.7169042769857433,0.696567603517359,2.00685255855829
2012-06-01,0.4028885211373551,0.3791390728476821,2012,0.5,0.7189409368635438,2.59554755036643,13.4039246763179
2012-07-01,0.09914247028734768,0.5231788079470199,2012,0.5833333333333334,0.7209775967413442,0.677673636737858,1.96929111273033
2012-08-01,0.03565518278922822,0.46854304635761584,2012,0.6666666666666666,0.7230142566191446,0.168672990507882,1.1837329837039
2012-09-01,0.03791183992778697,0.5943708609271523,2012,0.75,0.725050916496945,0.59883124462521,1.81999043326158
2012-10-01,0.04723935610049646,0.5910596026490066,2012,0.8333333333333334,0.7270875763747454,0.601134054186723,1.82418635398212
2012-11-01,0.08033699413269144,0.6158940397350993,2012,0.9166666666666666,0.7291242362525459,0.762274278881677,2.14314479109344
2012-12-01,0.0708590341507447,0.4519867549668874,2012,1,0.7311608961303462,0.312059874934538,1.36623649390118
2013-01-01,0.2798254851812848,0.5331125827814569,2013,0.08333333333333333,0.7331975560081466,2.34303993102889,10.4128428219612
2013-02-01,0.2831352489845043,0.4917218543046357,2013,0.16666666666666666,0.7352342158859471,2.64865068463238,14.1349532625135
2013-03-01,0.09884158266887318,0.7251655629139072,2013,0.25,0.7372708757637475,2.24985197300354,9.48633149926192
2013-04-01,0.34948096885813146,0.5562913907284768,2013,0.3333333333333333,0.7393075356415478,3.37785568175683,29.3078583096181
2013-05-01,0.16699262825334735,0.6903973509933774,2013,0.4166666666666667,0.7413441955193483,1.62791236760144,5.09323081845712
2013-06-01,0.5394914999247781,0.7814569536423841,2013,0.5,0.7433808553971487,4.04327567588971,57.0127926944823
2013-07-01,0.05837219798405295,0.6854304635761589,2013,0.5833333333333334,0.745417515274949,0.660899661240665,1.93653377531001
2013-08-01,0.02557544757033248,0.543046357615894,2013,0.6666666666666666,0.7474541751527495,0.121871929947141,1.12960942337747
2013-09-01,0.08454942079133443,0.6158940397350993,2013,0.75,0.7494908350305499,0.406338854904953,1.50131119293708
2013-10-01,0.05716864751015494,0.5198675496688742,2013,0.8333333333333334,0.7515274949083504,-0.200389964473487,0.81841153941597
2013-11-01,0.2977282984805175,0.7036423841059603,2013,0.9166666666666666,0.7535641547861507,1.69709343642806,5.45806011551765
2013-12-01,0.0570182037009177,0.5612582781456954,2013,1,0.7556008146639511,-0.68448021775793,0.50435231483229
2014-01-01,0.030690537084398974,0.7533112582781457,2014,0.08333333333333333,0.7576374745417516,-0.219418657341021,0.802985472009989
2014-02-01,0.09447871220099294,0.5298013245033112,2014,0.16666666666666666,0.7596741344195519,0.997438358495262,2.71132747598753
2014-03-01,0.1934707386791034,0.3311258278145695,2014,0.25,0.7617107942973523,1.53651960068454,4.64838385296442
2014-04-01,0.21949751767714754,0.6937086092715232,2014,0.3333333333333333,0.7637474541751528,2.31556782760879,10.1306737621027
2014-05-01,0.05867308560252745,0.6241721854304635,2014,0.4166666666666667,0.7657841140529531,0.51599105187031,1.67529798654687
2014-06-01,0.10320445313675344,0.5264900662251655,2014,0.5,0.7678207739307535,0.540945917457737,1.71763083098253
2014-07-01,0.028433879945840224,0.5016556291390728,2014,0.5833333333333334,0.769857433808554,0.419317547130699,1.52092324292807
2014-08-01,0.3222506393861892,0.3625827814569536,2014,0.6666666666666666,0.7718940936863544,2.12119190461525,8.34107332902082
2014-09-01,0.08244320746201293,0.4254966887417218,2014,0.75,0.7739307535641547,0.202915780163159,1.22496929718869
2014-10-01,0.1417180683014894,0.41887417218543044,2014,0.8333333333333334,0.7759674134419552,0.519669857227251,1.68147243208236
2014-11-01,0.03565518278922822,0.3857615894039735,2014,0.9166666666666666,0.7780040733197556,-0.426797718684257,0.652595546763284
2014-12-01,0.21017000150443807,0.4602649006622516,2014,1,0.780040733197556,1.36315301018728,3.90849742628888
2015-01-01,0.3017902813299233,0.4221854304635761,2015,0.08333333333333333,0.7820773930753564,2.27078297907121,9.68698255011508
2015-02-01,0.08680607792989319,0.5612582781456954,2015,0.16666666666666666,0.7841140529531568,1.34418541948815,3.8350613016953
2015-03-01,0.1575146682714006,0.3658940397350993,2015,0.25,0.7861507128309573,1.62555178130508,5.0812219871007
2015-04-01,0.6109523093124717,0.48841059602649,2015,0.3333333333333333,0.7881873727087576,4.28214143197539,72.3953037513799
2015-05-01,0.15420490446818114,0.32450331125827814,2015,0.4166666666666667,0.790224032586558,0.897505321919476,2.45347484039836
2015-06-01,0.19001053106664662,0.3526490066225165,2015,0.5,0.7922606924643585,1.28409028423657,3.61138113206221
2015-07-01,0.07371746652625243,0.30794701986754963,2015,0.5833333333333334,0.7942973523421588,0.40922142248767,1.5056450672553
2015-08-01,0.1414171806830149,0.22350993377483439,2015,0.6666666666666666,0.7963340122199593,0.458586544492369,1.58183654852685
2015-09-01,0.14156762449225216,0.2566225165562913,2015,0.75,0.7983706720977597,0.368218774303459,1.44515816786374
2015-10-01,0.07988566270497968,0.21688741721854302,2015,0.8333333333333334,0.8004073319755601,-0.297151523123596,0.742931432541656
2015-11-01,0.1924176320144426,0.4635761589403973,2015,0.9166666666666666,0.8024439918533605,1.57721266734334,4.84144227646564
2015-12-01,0.17571836918910785,0.4006622516556291,2015,1,0.8044806517311609,1.27840989315594,3.59092522866042
2016-01-01,0.40349029637430417,0.22516556291390724,2016,0.08333333333333333,0.8065173116089613,2.47512524188508,11.8831952936856
2016-02-01,0.05145178275913946,0.22516556291390724,2016,0.16666666666666666,0.8085539714867617,-0.0481408929182863,0.952999506736523
2016-03-01,0.3321799307958477,0.4735099337748344,2016,0.25,0.8105906313645621,2.86244067431492,17.5041968874182
2016-04-01,0.18218745298630962,0.18708609271523174,2016,0.3333333333333333,0.8126272912423625,0.523583876855928,1.68806664470707
2016-05-01,0.011885060929742739,0.5976821192052979,2016,0.4166666666666667,0.814663951120163,0.0112446063829891,1.01130806460052
2016-06-01,0.5638633970212127,0.6473509933774834,2016,0.5,0.8167006109979633,3.77034902367886,43.3952081482034
2016-07-01,0.15315179780352034,0.6208609271523179,2016,0.5833333333333334,0.8187372708757638,1.16092153611811,3.19287426975229
2016-08-01,0.24206408906273505,0.6390728476821191,2016,0.6666666666666666,0.8207739307535642,2.00220256257553,7.40534889372596
2016-09-01,0.11704528358658038,0.7748344370860927,2016,0.75,0.8228105906313645,0.871281108047373,2.38997070380801
2016-10-01,0.04829246276515721,0.4801324503311258,2016,0.8333333333333334,0.824847250509165,-0.228620500293953,0.795630417728634
2016-11-01,0.045434030389649466,0.5397350993377482,2016,0.9166666666666666,0.8268839103869654,0.00454189254767114,1.004552222575
2016-12-01,0.09854069505039867,0.5943708609271523,2016,1,0.8289205702647657,0.673544095684697,1.96117561241342
2017-01-01,0.08364675793591093,0.5728476821192052,2017,0.08333333333333333,0.8309572301425662,0.891264084943875,2.43820980839841
2017-02-01,0.3550473897999097,0.5149006622516556,2017,0.16666666666666666,0.8329938900203666,3.7308166948562,41.7131611808468
2017-03-01,0.511659395215887,0.6357615894039735,2017,0.25,0.835030549898167,4.70314420288869,110.293412708914
2017-04-01,0.12757635023318792,0.4470198675496688,2017,0.3333333333333333,0.8370672097759674,1.83195655258394,6.24609552532464
2017-05-01,0.0516022265683767,0.5596026490066225,2017,0.4166666666666667,0.8391038696537678,0.967137480829551,2.63040409014321
2017-06-01,0.3117195727395818,0.3791390728476821,2017,0.5,0.8411405295315683,2.37859671664359,10.7897511571301
2017-07-01,0.022265683767112982,0.6854304635761589,2017,0.5833333333333334,0.8431771894093686,1.28431150778091,3.61218014297296
2017-08-01,0.03971716563863396,0.6059602649006621,2017,0.6666666666666666,0.845213849287169,1.27699359411868,3.58584300454031
2017-09-01,9.026628554234992e-4,0.6655629139072847,2017,0.75,0.8472505091649695,0.730374997228671,2.07585890307146
2017-10-01,0.09177072363472243,0.7019867549668874,2017,0.8333333333333334,0.8492871690427699,1.0136895924588,2.75574987488211
2017-11-01,0.10801865503234541,0.7466887417218542,2017,0.9166666666666666,0.8513238289205702,0.795267987958613,2.21503451985124
2017-12-01,0.08123965698811492,0.5281456953642384,2017,1,0.8533604887983707,0.392386225284406,1.48050941116112
2018-01-01,0.06739882653828794,0.6986754966887416,2018,0.08333333333333333,0.8553971486761711,1.22647233150588,3.4091818352849
2018-02-01,0.15405446065894388,0.4519867549668874,2018,0.16666666666666666,0.8574338085539714,1.86368287815571,6.44743822926356
2018-03-01,0.18293967203249586,0.7251655629139072,2018,0.25,0.8594704684317719,2.60851372437645,13.578853926863
2018-04-01,0.03956672182939671,0.6258278145695364,2018,0.3333333333333333,0.8615071283095723,0.93012376859374,2.53482288966804
2018-05-01,0.039717165638633964,0.5860927152317881,2018,0.4166666666666667,0.8635437881873728,0.639186717597844,1.89493913180282
2018-06-01,0.31111779750263274,0.4602649006622516,2018,0.5,0.8655804480651731,2.86552998101627,17.5583563346619
2018-07-01,0.01970813901007973,0.5778145695364238,2018,0.5833333333333334,0.8676171079429735,0.644118717453343,1.90430805610241
2018-08-01,0.022717015194824733,0.4370860927152318,2018,0.6666666666666666,0.869653767820774,0.211746530317081,1.235834598772
2018-09-01,0.0831954265081992,0.3857615894039735,2018,0.75,0.8716904276985743,0.648586287776965,1.91283471881143
2018-10-01,0.2349932300285843,0.6009933774834437,2018,0.8333333333333334,0.8737270875763747,1.78516160088782,5.96054309881413
2018-11-01,0.26417932902061075,0.5496688741721854,2018,0.9166666666666666,0.8757637474541752,1.45879102631855,4.3007568821669
2018-12-01,0.15450579208665563,0.705298013245033,2018,1,0.8778004073319755,0.158537027230911,1.17179531175752
2019-01-01,0.08229276365277569,0.5413907284768211,2019,0.08333333333333333,0.879837067209776,-0.148939675443299,0.861621090241561
2019-02-01,0.12847901308861137,0.3278145695364238,2019,0.16666666666666666,0.8818737270875764,0.430227723860388,1.53760763362865
2019-03-01,0.3741537535730405,0.4387417218543046,2019,0.25,0.8839103869653768,2.95845469878714,19.2681736058314
2019-04-01,0.01233639235745449,0.5298013245033112,2019,0.3333333333333333,0.8859470468431772,0.277859289589603,1.32030040412618
2019-05-01,0.02316834662253648,0.40231788079470193,2019,0.4166666666666667,0.8879837067209776,-0.187632133451667,0.828919582938277
2019-06-01,0.275763502331879,0.3791390728476821,2019,0.5,0.890020366598778,1.34445985497808,3.83611392305426
2019-07-01,0.07416879795396418,0.45860927152317876,2019,0.5833333333333334,0.8920570264765784,0.197103528170418,1.21787011804465
2019-08-01,0.13855874830750714,0.478476821192053,2019,0.6666666666666666,0.8940936863543788,0.508816598068752,1.66332165174017
2019-09-01,0.17180683014893935,0.34602649006622516,2019,0.75,0.8961303462321792,-0.100273510296912,0.904589969526496
2019-10-01,0.05355799608846095,0.45860927152317876,2019,0.8333333333333334,0.8981670061099797,-0.538386034231117,0.583689547509931
2019-11-01,0.040619828494057465,0.3973509933774834,2019,0.9166666666666666,0.90020366598778,-1.2235551885989,0.294182431552498
2019-12-01,0.0028584323755077475,0.4602649006622516,2019,1,0.9022403258655805,-0.956349702923182,0.384293112824713
2020-01-01,0.09688581314878893,0.5728476821192052,2020,0.08333333333333333,0.9042769857433809,0.471786921887395,1.60285581384574
2020-02-01,0.7043779148488039,0.5149006622516556,2020,0.16666666666666666,0.9063136456211812,4.5682277889875,96.3731647583728
2020-03-01,0.2694448623439145,0.4652317880794702,2020,0.25,0.9083503054989817,2.26408863478893,9.62235112773187
2020-04-01,0.05235444561456296,0.543046357615894,2020,0.3333333333333333,0.9103869653767821,0.311746871464787,1.365808924057
2020-05-01,0.21799307958477507,0.5976821192052979,2020,0.4166666666666667,0.9124236252545825,1.36404766898482,3.91199576257182
2020-06-01,0.12095682262674891,0.39238410596026485,2020,0.5,0.9144602851323829,0.153615792973766,1.16604279886847
2020-07-01,0.271551075673236,0.6208609271523179,2020,0.5833333333333334,0.9164969450101833,2.23592003839127,9.35508493129859
2020-08-01,0.10079735218895745,0.7135761589403973,2020,0.6666666666666666,0.9185336048879837,1.01477815053396,2.758751301979
2020-09-01,0.05145178275913946,0.7251655629139072,2020,0.75,0.9205702647657841,0.643600250900217,1.90332099197045
2020-10-01,0.14728448924326762,0.6208609271523179,2020,0.8333333333333334,0.9226069246435845,0.72995458956543,2.07498637950145
2020-11-01,0.10470889122912592,0.7036423841059603,2020,0.9166666666666666,0.924643584521385,0.662669910116022,1.9399649581756
2020-12-01,0.1857981044080036,0.8311258278145695,2020,1,0.9266802443991853,1.40931195228967,4.09313816064388
2021-01-01,0.15119602828343612,0.8245033112582781,2021,0.08333333333333333,0.9287169042769857,1.45009824251564,4.26353335483684
2021-02-01,0.18670076726342708,0.7417218543046358,2021,0.16666666666666666,0.9307535641547862,2.157436100695,8.64893421051276
2021-03-01,0.6878290958327063,0.5463576158940397,2021,0.25,0.9327902240325866,5.41106273753075,223.869375692578
2021-04-01,0.022265683767112982,0.5844370860927152,2021,0.3333333333333333,0.9348268839103869,0.837526535968189,2.31064460633575
2021-05-01,0.09673536933955167,0.6109271523178808,2021,0.4166666666666667,0.9368635437881874,0.767209616364043,2.15374807778769
2021-06-01,0.13178877689183088,0.5943708609271523,2021,0.5,0.9389002036659878,1.58383893725325,4.87362950259523
2021-07-01,0.05957574845795097,0.814569536423841,2021,0.5833333333333334,0.9409368635437881,1.23475003030567,3.43751913769165
2021-08-01,0.13208966451030538,0.6274834437086093,2021,0.6666666666666666,0.9429735234215886,1.34536712160563,3.83959588048916
2021-09-01,0.07642545509252294,0.705298013245033,2021,0.75,0.945010183299389,1.03495131461809,2.81496918443809
2021-10-01,0.09146983601624793,0.6622516556291391,2021,0.8333333333333334,0.9470468431771895,1.16851037481355,3.21719665014299
2021-11-01,0.20866556341206557,0.7582781456953642,2021,0.9166666666666666,0.9490835030549898,1.99644217928627,7.362813872337
2021-12-01,0.24567474048442903,0.7798013245033112,2021,1,0.9511201629327902,2.20130742046526,9.03682070359085
2022-01-01,0.2343914547916353,0.619205298013245,2022,0.08333333333333333,0.9531568228105907,2.50859207875131,12.2876178779691
2022-02-01,0.5482172408605385,0.6870860927152318,2022,0.16666666666666666,0.955193482688391,4.96539511481196,143.365184792069
2022-03-01,0.8655032345418986,0.7798013245033112,2022,0.25,0.9572301425661914,6.58182179228632,721.853198676387
2022-04-01,0.4048442906574394,0.9254966887417219,2022,0.3333333333333333,0.9592668024439919,4.2711536090167,71.6041912322527
2022-05-01,0.3512862945689785,0.8344370860927153,2022,0.4166666666666667,0.9613034623217923,3.10830214050096,22.3830089161237
2022-06-01,0.03384985707838122,0.902317880794702,2022,0.5,0.9633401221995926,1.24251634977801,3.46431994662035
2022-07-01,0.6491650368587332,0.695364238410596,2022,0.5833333333333334,0.9653767820773931,4.97183244750004,144.291051039729
2022-08-01,0.1044080036106514,0.7019867549668874,2022,0.6666666666666666,0.9674134419551935,2.1949690438126,8.97972307452645
2022-09-01,0.15089514066496165,0.8543046357615893,2022,0.75,0.9694501018329938,2.0152693679701,7.50274810905939
2022-10-01,0.4117647058823529,0.8443708609271523,2022,0.8333333333333334,0.9714867617107943,3.26732216876904,26.240976269309
2022-11-01,0.09026628554234993,0.6274834437086093,2022,0.9166666666666666,0.9735234215885947,0.66298014815483,1.94056690246776
2022-12-01,0.10711599217692191,0.8824503311258278,2022,1,0.9755600814663951,0.954953679171575,2.59855021313315
2023-01-01,0.2392056566872273,0.7466887417218542,2023,0.08333333333333333,0.9775967413441955,1.95328161901599,7.05179094289435
2023-02-01,0.2744095080487438,0.7251655629139072,2023,0.16666666666666666,0.9796334012219959,2.73452970255783,15.4024979769008
2023-03-01,0.07913344365879342,0.5182119205298013,2023,0.25,0.9816700610997964,1.12891187629013,3.09228987487386
2023-04-01,0.2545509252294268,0.5562913907284768,2023,0.3333333333333333,0.9837067209775967,2.12069870672849,8.33696054357361
2023-05-01,0.09658492553031442,0.2450331125827814,2023,0.4166666666666667,0.9857433808553971,0.0158034798838372,1.01592901529904
2023-06-01,0.024672784714908982,0.554635761589404,2023,0.5,0.9877800407331976,0.553166498793021,1.73875006005209
2023-07-01,0.055062434180833446,0.4801324503311258,2023,0.5833333333333334,0.9898167006109979,0.801936288106078,2.22985439162791
2023-08-01,0.11072664359861592,0.3410596026490066,2023,0.6666666666666666,0.9918533604887984,0.839340839825747,2.31484062303211
2023-09-01,0.04468181134346322,0.32615894039735094,2023,0.75,0.9938900203665988,-0.0888844489805108,0.914951291020915
2023-10-01,0.05686775989168045,0.4387417218543046,2023,0.8333333333333334,0.9959266802443992,0.356731146867526,1.42865172072601
2023-11-01,0.19151496915901908,0.4089403973509933,2023,0.9166666666666666,0.9979633401221996,1.03886322681639,2.82600266365901
2023-12-01,0.17797502632766662,0.5115894039735099,2023,1,1,1.00040988679498,2.7193962446622
